,recon_loss,sindy_loss_x,sindy_loss_z,sindy_regular_loss,tot
0,2.1615288138389586,984.89345703125,506.0172088623047,179.99950103759767,2.68107647895813
1,1.7063255429267883,718.7838073730469,336.17210388183594,179.99861755371094,2.084326112270355
2,1.3987774014472962,536.7949249267579,244.8097381591797,179.99793853759766,1.6812152981758117
3,1.1661476731300353,389.1176727294922,179.08927154541016,179.99745178222656,1.3714609384536742
4,1.039861899614334,324.407373046875,151.3112533569336,179.9970718383789,1.211431074142456
5,0.926848316192627,261.4703598022461,126.09762573242188,179.99676513671875,1.0656883358955382
6,0.826831066608429,211.71310577392578,107.84945068359374,179.99651031494142,0.9398800134658813
7,0.7491159677505493,169.2206932067871,89.48709869384766,179.9963119506836,0.8400006115436554
8,0.6789316654205322,138.87100067138672,76.72405166625977,179.99614410400392,0.7540033221244812
9,0.6442008197307587,124.76164245605469,71.92089576721192,179.99600830078126,0.711977630853653
10,0.5889386355876922,102.30489044189453,61.74584312438965,179.99588470458986,0.6449783205986023
11,0.5559744656085968,91.83104934692383,56.64998931884766,179.99577941894532,0.6065224349498749
12,0.5241405844688416,81.07046585083008,51.845671844482425,179.99569244384764,0.5690680384635926
13,0.4991970181465149,73.67343063354492,47.974362182617185,179.99560546875,0.5402324080467225
14,0.47834640443325044,67.3797508239746,44.28018760681152,179.99553375244142,0.5160502225160599
15,0.45730185210704805,62.934339141845705,42.67107620239258,179.9954605102539,0.492702516913414
16,0.43797795176506044,57.24021263122559,39.48763542175293,179.99540100097656,0.4703723818063736
17,0.42119631469249724,52.742431640625,36.572244262695314,179.9953399658203,0.4511960864067078
18,0.405104798078537,48.37248992919922,34.34646015167236,179.9952850341797,0.4328083127737045
19,0.38925825953483584,44.572350692749026,31.768535614013672,179.99523315429687,0.4149327963590622
20,0.3755593717098236,41.65112152099609,30.08740119934082,179.99518432617188,0.39968923628330233
21,0.3691126823425293,39.68705444335937,28.821686363220216,179.9951431274414,0.3921972393989563
22,0.3561542987823486,36.922311019897464,27.34598560333252,179.9950958251953,0.37778269648551943
23,0.35192771553993224,36.35895347595215,26.890332984924317,179.99505920410155,0.3732516497373581
24,0.34394629299640656,34.38247413635254,25.23803577423096,179.9950210571289,0.3641993820667267
25,0.33641297221183775,33.2044397354126,25.13341541290283,179.9949920654297,0.35607180893421175
26,0.3236356407403946,30.326862716674803,22.76261386871338,179.99496002197264,0.3417371392250061
27,0.3187165021896362,28.833399963378906,22.052761840820313,179.99493103027345,0.3360357791185379
28,0.3120466560125351,27.650523567199706,21.140513610839843,179.99490051269532,0.32872888445854187
29,0.3076527833938599,26.844125938415527,20.745360565185546,179.99487762451173,0.32391205728054046
30,0.29926747977733614,25.0714973449707,19.74728717803955,179.9948516845703,0.3145905315876007
31,0.2976597428321838,24.784366035461424,19.175981330871583,179.99483795166014,0.3128106713294983
32,0.29102993905544283,23.23370494842529,18.395611000061034,179.99481048583985,0.3053665071725845
33,0.2905856281518936,23.678905487060547,18.491681480407713,179.99478912353516,0.30514960885047915
34,0.2832326740026474,21.994044876098634,17.465855026245116,179.99476470947266,0.29690292477607727
35,0.2790512710809708,21.48429584503174,16.959871768951416,179.9947494506836,0.2924413472414017
36,0.27753513753414155,20.975375938415528,16.549836826324462,179.99472351074218,0.29065026342868805
37,0.27088397443294526,19.322961807250977,15.502918720245361,179.9947082519531,0.2831205427646637
38,0.2687215358018875,19.22318630218506,15.3608642578125,179.99468841552735,0.280901113152504
39,0.26453561186790464,18.92805871963501,15.037898445129395,179.99466247558593,0.2765514701604843
40,0.26160780489444735,18.208942031860353,14.652282333374023,179.99464569091796,0.2732448309659958
41,0.25974378883838656,17.86256036758423,14.374961376190186,179.99462890625,0.27119375467300416
42,0.2544607013463974,16.676919841766356,13.545896530151367,179.99461364746094,0.2652763932943344
43,0.2532150521874428,16.46294355392456,13.298941707611084,179.99459381103514,0.2639114081859589
44,0.24720503985881806,15.346399974822997,12.574978065490722,179.99456787109375,0.2573069274425507
45,0.2468844696879387,15.209682655334472,12.456471729278565,179.9945495605469,0.25691207945346833
46,0.2458744540810585,15.452961444854736,12.580185985565185,179.99453582763672,0.2560298919677734
47,0.24172793030738832,14.690008449554444,12.101223278045655,179.99451446533203,0.251477937400341
48,0.24113696068525314,14.750250244140625,12.230294322967529,179.99449615478517,0.2509235471487045
49,0.23861866295337678,14.334706783294678,11.629564952850341,179.99447631835938,0.2481674388051033
50,0.2365767851471901,13.3967604637146,11.077296447753906,179.9944580078125,0.24562897086143493
51,0.2346946507692337,13.661854362487793,11.190545558929443,179.99444122314452,0.24388504922389984
52,0.23273757398128508,13.467602062225343,10.986837005615234,179.99442443847656,0.24182065725326538
53,0.23209467232227327,12.869719505310059,10.689827919006348,179.99440002441406,0.24086396396160126
54,0.2281188562512398,12.697720527648926,10.575554466247558,179.994384765625,0.23679643422365187
55,0.22971603870391846,12.655647468566894,10.749735450744629,179.99437866210937,0.238381290435791
56,0.2269164577126503,12.524038124084473,10.390318584442138,179.99435272216797,0.23549793362617494
57,0.22363693714141847,11.813957023620606,9.803549671173096,179.99433288574218,0.2318340376019478
58,0.22250866293907165,11.522965621948241,9.512690258026122,179.99432067871095,0.23054572194814682
59,0.22023283541202546,11.373483562469483,9.395337772369384,179.99430236816406,0.22818928509950637
60,0.22011562138795854,11.465023517608643,9.40951566696167,179.99429016113282,0.2281185507774353
61,0.2176652431488037,11.067759799957276,9.140579891204833,179.99426727294923,0.2254560962319374
62,0.21542998552322387,10.857638168334962,8.934728336334228,179.9942596435547,0.22310548275709152
63,0.21674982011318206,10.752436923980714,9.020622253417969,179.99423828125,0.22437700927257537
64,0.21285607367753984,10.424239349365234,8.604885292053222,179.99422302246094,0.2202983796596527
65,0.21488590240478517,11.046549892425537,9.059103775024415,179.99420471191405,0.2226620763540268
66,0.2098498374223709,9.981756401062011,8.390674734115601,179.99419403076172,0.2170601889491081
67,0.20915435403585433,9.840471267700195,8.172047758102417,179.9941833496094,0.2162831351161003
68,0.2096196949481964,10.182641506195068,8.481319379806518,179.99416809082032,0.21693502515554428
69,0.20796603113412857,9.9419020652771,8.232138967514038,179.994140625,0.21514853090047836
70,0.2076909214258194,9.882707881927491,8.099982929229736,179.994140625,0.21483721882104873
71,0.20472755879163743,9.533966827392579,7.781678819656372,179.99412536621094,0.21168356984853745
72,0.20348086059093476,8.952840042114257,7.491451120376587,179.99411010742188,0.21013179570436477
73,0.20317211598157883,9.560757637023926,7.949519157409668,179.994091796875,0.21014991402626038
74,0.20169188380241393,9.050673961639404,7.38709659576416,179.99407958984375,0.20838651359081267
75,0.20116181373596193,9.03650369644165,7.483333492279053,179.99407043457032,0.20785417407751083
76,0.19892894476652145,8.809506368637084,7.24355034828186,179.99405212402343,0.20549581646919252
77,0.19748098254203797,8.613369464874268,7.038354063034058,179.99404907226562,0.203939525783062
78,0.19856592118740082,8.508984708786011,7.047756481170654,179.99403381347656,0.20497274100780488
79,0.19701127111911773,8.407056379318238,6.968520069122315,179.9940216064453,0.2033631682395935
80,0.1953172966837883,8.42553391456604,6.953755855560303,179.9940170288086,0.20167769193649293
81,0.19371378272771836,8.225743055343628,6.7064862728118895,179.99398956298828,0.19996191710233688
82,0.1950089827179909,8.260956764221191,6.868061447143555,179.99398803710938,0.2012828066945076
83,0.19410150051116942,8.397276687622071,6.987968683242798,179.99398345947264,0.2004494771361351
84,0.19160275757312775,7.940345668792725,6.619729948043823,179.99395904541015,0.19770385921001435
85,0.19147369265556335,7.973323822021484,6.614813661575317,179.99395751953125,0.19759103357791902
86,0.19035672545433044,7.959975910186768,6.438203001022339,179.99394683837892,0.1964585676789284
87,0.18811507523059845,7.8487578392028805,6.344570684432983,179.99393157958986,0.19415662735700606
88,0.18898782581090928,7.607583141326904,6.238113021850586,179.99392700195312,0.1949034661054611
89,0.1876199796795845,7.604683589935303,6.168710851669312,179.9939163208008,0.19353069961071015
90,0.1867445170879364,7.668931484222412,6.23018708229065,179.99390258789063,0.1926904335618019
91,0.1865689381957054,7.509085369110108,6.132420635223388,179.993896484375,0.19243004471063613
92,0.18618818670511245,7.467477416992187,6.045118951797486,179.993896484375,0.19202412366867067
93,0.18385752886533738,7.335638236999512,5.9136435985565186,179.99388275146484,0.18962096720933913
94,0.1832684949040413,7.191664361953736,5.860228252410889,179.99386596679688,0.18895728290081024
95,0.18393328934907913,7.3468389987945555,5.909858989715576,179.99386291503907,0.18970214426517487
96,0.18194331228733063,7.053698348999023,5.601780366897583,179.99383697509765,0.18755019158124925
97,0.1823360279202461,7.258891773223877,5.904261779785156,179.99383544921875,0.1880606308579445
98,0.1811199441552162,7.02916579246521,5.6101343631744385,179.99383239746095,0.1867149755358696
99,0.17963218688964844,6.859027433395386,5.56559271812439,179.99382781982422,0.18513991981744765
100,0.1790885731577873,6.802242851257324,5.494148921966553,179.99381408691406,0.18456434160470964
101,0.1782418206334114,6.887984561920166,5.454958963394165,179.99380493164062,0.1837585002183914
102,0.1794564738869667,6.886753797531128,5.540220260620117,179.99380493164062,0.18497680276632308
103,0.17815766036510466,6.801510000228882,5.555222415924073,179.9937942504883,0.1836361214518547
104,0.1775552123785019,6.7337127208709715,5.327642345428467,179.9937744140625,0.18298839330673217
105,0.1771114557981491,6.536901378631592,5.331387996673584,179.9937744140625,0.18244641423225402
106,0.1763047456741333,6.567593097686768,5.215800952911377,179.99376373291017,0.1816492721438408
107,0.17440202981233596,6.486803483963013,5.12998218536377,179.99375762939454,0.17970186918973924
108,0.17480989098548888,6.479333925247192,5.170780420303345,179.99374389648438,0.18010803908109665
109,0.1752709075808525,6.444349479675293,5.280937957763672,179.99374389648438,0.18055707067251206
110,0.1735114872455597,6.064903688430786,4.984737873077393,179.99373626708984,0.17859311550855636
111,0.1728693202137947,6.13844895362854,4.900010585784912,179.9937255859375,0.17798348665237426
112,0.17292560636997223,6.169222402572632,5.015418291091919,179.99371337890625,0.1780609294772148
113,0.17260695695877076,6.225158834457398,5.01222243309021,179.99371337890625,0.17777008712291717
114,0.1723836675286293,6.149926948547363,4.904549932479858,179.99371032714845,0.17750379592180252
115,0.17184436917304993,6.1178148746490475,4.898540830612182,179.9936965942383,0.17694814652204513
116,0.17067614197731018,6.147989177703858,5.003298044204712,179.99368286132812,0.1758002445101738
117,0.1697295978665352,5.964326190948486,4.740915298461914,179.99368286132812,0.17474874705076218
118,0.16915047466754912,5.931025743484497,4.740198612213135,179.99368286132812,0.174152934551239
119,0.1716411754488945,6.22337965965271,5.00256130695343,179.9936721801758,0.17680293321609497
120,0.16998096108436583,6.0371167182922365,4.968332290649414,179.99365997314453,0.17504787743091582
121,0.16886164397001266,5.786730337142944,4.683306074142456,179.99365234375,0.17378911674022673
122,0.16785058975219727,5.833754968643189,4.688185334205627,179.99365234375,0.17280181795358657
123,0.16687435358762742,5.748007822036743,4.54638900756836,179.99364776611327,0.17177561670541763
124,0.16714341938495636,5.638118076324463,4.576696443557739,179.99362487792968,0.17199125587940217
125,0.16556134670972825,5.635927820205689,4.52101628780365,179.99362182617188,0.1704053044319153
126,0.1659580484032631,5.636091661453247,4.552578115463257,179.99362182617188,0.1708036631345749
127,0.1648903399705887,5.587453842163086,4.4476714611053465,179.99362182617188,0.169706392288208
128,0.16369790583848953,5.454037189483643,4.335528182983398,179.9936065673828,0.16844163984060287
129,0.16486221849918364,5.371265506744384,4.3242563009262085,179.99359436035155,0.16956400275230407
130,0.1645658239722252,5.52550573348999,4.322862362861633,179.99359130859375,0.169344662129879
131,0.1634523957967758,5.479076194763183,4.3822592973709105,179.99359130859375,0.16821098625659942
132,0.16322872340679168,5.3873756408691404,4.267067694664002,179.99359130859375,0.16793570518493653
133,0.16212151944637299,5.313912105560303,4.3127854347229,179.9935775756836,0.16679405719041823
134,0.16208190768957137,5.318763971328735,4.21419620513916,179.99356079101562,0.1667519435286522
135,0.16112390607595445,5.268700981140137,4.233749413490296,179.99356079101562,0.16576988697052003
136,0.16200710237026214,5.315952920913697,4.189707398414612,179.99356079101562,0.16667450368404388
137,0.15919723361730576,5.052919149398804,4.009499144554138,179.99356079101562,0.1637241080403328
138,0.1620430588722229,5.267294979095459,4.182297229766846,179.99354553222656,0.16668576300144194
139,0.16007407754659653,5.362250804901123,4.214026594161988,179.9935333251953,0.16476584374904632
140,0.15995171368122102,5.078062582015991,4.025630092620849,179.9935302734375,0.16449197083711625
141,0.15960095524787904,5.183155870437622,4.069117689132691,179.9935302734375,0.16419592648744583
142,0.15986414551734923,5.040116786956787,4.064579677581787,179.9935302734375,0.16438737511634827
143,0.15922314524650574,5.125997591018677,4.0924430847167965,179.99351501464844,0.1637907087802887
144,0.15919122993946075,5.086047172546387,4.051282691955566,179.99350280761718,0.1637367606163025
145,0.1581528142094612,4.986467552185059,3.921866202354431,179.99349975585938,0.16264208406209946
146,0.15729067027568816,4.97482385635376,3.9866789817810058,179.99349822998047,0.16177735924720765
147,0.156829634308815,4.885769701004028,3.937688446044922,179.9934844970703,0.16126934587955474
148,0.1564702495932579,4.8503758907318115,3.8604803800582888,179.9934844970703,0.1608884021639824
149,0.1554432138800621,4.857665348052978,3.9141435384750367,179.99347534179688,0.1598676934838295
150,0.15656709372997285,4.818327951431274,3.915187215805054,179.99346923828125,0.16097195744514464
151,0.15666673630475997,4.862695837020874,3.9185735464096068,179.99346923828125,0.16109395474195481
152,0.15711422115564347,4.836682558059692,3.9537625551223754,179.99346313476562,0.16153019219636916
153,0.15622371286153794,4.811840009689331,3.7916786670684814,179.9934539794922,0.16061915904283525
154,0.15490565896034242,4.776895904541016,3.814649295806885,179.99344940185546,0.15928477942943572
155,0.1542813315987587,4.724632835388183,3.75829131603241,179.99343872070312,0.15863150209188462
156,0.15469007194042206,4.625157690048217,3.6782413482666017,179.99343872070312,0.15898650586605073
157,0.15383628159761428,4.644838047027588,3.7516047239303587,179.99343872070312,0.15814622044563292
158,0.15371380746364594,4.734009456634522,3.802351474761963,179.9934295654297,0.15807087123394012
159,0.1531409040093422,4.520148587226868,3.614940571784973,179.99342346191406,0.15738166570663453
160,0.15368770360946654,4.6165442943573,3.6753366470336912,179.9934097290039,0.15797968506813048
161,0.15409981459379196,4.664522743225097,3.7570321321487428,179.993408203125,0.15841987133026122
162,0.1523577466607094,4.601793241500855,3.660953187942505,179.993408203125,0.15664162933826448
163,0.15326639264822006,4.622217750549316,3.630263829231262,179.993408203125,0.15755895674228668
164,0.1515469506382942,4.629629278182984,3.708719182014465,179.99340057373047,0.15584714561700821
165,0.1528707817196846,4.604508471488953,3.686022090911865,179.99339294433594,0.15715728253126143
166,0.1511347010731697,4.622332334518433,3.7128541707992553,179.9933868408203,0.15543145090341567
167,0.15229782164096833,4.552098298072815,3.6852047443389893,179.99337768554688,0.1565580725669861
168,0.14993558526039125,4.506192708015442,3.613483023643494,179.99337768554688,0.15416929125785828
169,0.15004443675279616,4.439087080955505,3.4993882179260254,179.99337768554688,0.15423889011144637
170,0.1508542686700821,4.391977143287659,3.527467441558838,179.99337768554688,0.15502657145261764
171,0.1498208612203598,4.549894022941589,3.581247615814209,179.9933624267578,0.15407480895519257
172,0.1501037895679474,4.38834912776947,3.5081242322921753,179.99335784912108,0.15427330434322356
173,0.15000832825899124,4.372172880172729,3.5061033010482787,179.99334716796875,0.15416964739561081
174,0.14925100058317184,4.359555387496949,3.554624247550964,179.99334716796875,0.1534084349870682
175,0.14867258816957474,4.303891015052796,3.486688423156738,179.99334716796875,0.15279878973960875
176,0.1481907323002815,4.394112300872803,3.5195534467697143,179.99334716796875,0.15236369520425797
177,0.14762181639671326,4.360335946083069,3.4757380723953246,179.9933334350586,0.15177569836378096
178,0.1486287847161293,4.317013359069824,3.4931318521499635,179.9933319091797,0.15276187360286714
179,0.14742396771907806,4.288512420654297,3.3854617357254027,179.99332427978516,0.15153742283582688
180,0.14968175888061525,4.341370463371277,3.613063669204712,179.99331665039062,0.15383302122354509
181,0.1469276800751686,4.3039169073104855,3.492938780784607,179.99331665039062,0.1510542094707489
182,0.14676960557699203,4.141697955131531,3.3694998025894165,179.99331665039062,0.15080885589122772
183,0.1477518633008003,4.241132164001465,3.4800897598266602,179.99331512451172,0.15184635668992996
184,0.14632409065961838,4.2417396068572994,3.4124811410903932,179.99330139160156,0.15041551142930984
185,0.1493270441889763,4.3484461307525635,3.6401084899902343,179.99329986572266,0.15348320007324218
186,0.14595791101455688,4.109942603111267,3.303581881523132,179.9932861328125,0.1499779850244522
187,0.14536326080560685,4.14599118232727,3.323341202735901,179.9932861328125,0.1494023472070694
188,0.14577723443508148,4.06270694732666,3.261257863044739,179.9932861328125,0.1497715801000595
189,0.14591784477233888,4.107809710502624,3.324610686302185,179.9932861328125,0.14993790686130523
190,0.14540092498064042,4.132581686973571,3.330758547782898,179.9932861328125,0.14943368136882781
191,0.1447638288140297,4.063338303565979,3.251927638053894,179.99327087402344,0.1487580195069313
192,0.1442085921764374,4.127061223983764,3.3387775182724,179.99326934814454,0.1482389897108078
193,0.14538534283638,4.022936391830444,3.301241087913513,179.99325561523438,0.1493617981672287
194,0.14405620098114014,4.119646811485291,3.281657314300537,179.99325561523438,0.14808003306388856
195,0.14527402967214584,4.052231884002685,3.3160664081573485,179.99325561523438,0.14926587641239167
196,0.14382604658603668,4.097209835052491,3.318619728088379,179.99325561523438,0.1478405088186264
197,0.14387131482362747,3.9682884931564333,3.1978002548217774,179.99325561523438,0.14781527519226073
198,0.14332586973905564,4.036118483543396,3.2541182041168213,179.9932418823242,0.14730655997991562
199,0.14325475841760635,4.037810230255127,3.3021239280700683,179.9932403564453,0.1472386971116066
200,0.14250412285327912,3.90683798789978,3.2160665512084963,179.99323120117188,0.14641826897859572
201,0.14309754371643066,3.967472290992737,3.1486093997955322,179.99322509765625,0.14703864008188247
202,0.14331380426883697,3.8691452980041503,3.117983031272888,179.99322509765625,0.1472042053937912
203,0.1437482714653015,4.0466105222702025,3.3270331621170044,179.99322509765625,0.14773785471916198
204,0.14231928288936616,3.891701102256775,3.1940866708755493,179.99322509765625,0.14622476547956467
205,0.14214458167552949,3.9381828546524047,3.203322100639343,179.99322204589845,0.1460737630724907
206,0.14219088107347488,3.846369767189026,3.105638098716736,179.9932098388672,0.14606927186250687
207,0.14128888100385667,3.8746339321136474,3.1505008697509767,179.9932098388672,0.1451836496591568
208,0.1416272521018982,3.9223899602890016,3.216654658317566,179.99319458007812,0.14554920494556428
209,0.14168230593204498,3.864547348022461,3.142084574699402,179.99319458007812,0.14557161033153534
210,0.14026473313570023,3.815478205680847,3.084062600135803,179.99319458007812,0.14412660151720047
211,0.14034512639045715,3.803527593612671,3.0544896125793457,179.99319458007812,0.14419953972101213
212,0.13985896110534668,3.767160701751709,3.0878976345062257,179.99319458007812,0.14369686394929887
213,0.14035099744796753,3.8935324907302857,3.1885906219482423,179.9931869506836,0.14425711780786515
214,0.14117771238088608,3.7506137609481813,3.0458203077316286,179.99317932128906,0.145005239546299
215,0.14047006964683534,3.7568620443344116,3.072689914703369,179.99317321777343,0.14430206567049025
216,0.1407015800476074,3.8396146059036256,3.054039788246155,179.9931640625,0.14457401633262634
217,0.14033491015434266,3.7379677534103393,3.050590229034424,179.9931640625,0.144156351685524
218,0.1393255814909935,3.8553653240203856,3.13088743686676,179.9931640625,0.14320973306894302
219,0.13975478261709212,3.7413198947906494,3.0833242893218995,179.9931640625,0.14357953518629074
220,0.14088314473629,3.829283285140991,3.220554566383362,179.9931640625,0.1447587415575981
221,0.13898183703422545,3.7296782732009888,3.0014397382736204,179.99315185546874,0.14279667437076568
222,0.13835490345954896,3.70004026889801,2.9874490976333616,179.99314880371094,0.14215422421693802
223,0.13869665414094925,3.7155381441116333,3.0311441898345945,179.99314880371094,0.14250590950250625
224,0.13808644860982894,3.7000924348831177,3.017147350311279,179.9931381225586,0.14188727885484695
225,0.13821976333856584,3.6998168230056763,3.0420711755752565,179.99313354492188,0.14202170222997665
226,0.13794593811035155,3.5886030197143555,2.913448357582092,179.99313354492188,0.14168583750724792
227,0.1387060508131981,3.684951424598694,3.0224776029586793,179.99313354492188,0.14249957501888275
228,0.13853415846824646,3.6760469675064087,2.9746609210968016,179.99313354492188,0.14232084155082703
229,0.13702929466962815,3.699106049537659,3.0128690242767333,179.99312591552734,0.14082941859960557
230,0.13775743991136552,3.7366943359375,3.049855041503906,179.9931182861328,0.14157820492982864
231,0.13780203759670256,3.6613552808761596,2.923433804512024,179.9931182861328,0.1415788158774376
232,0.13703320175409317,3.7762259006500245,3.1086565017700196,179.99311065673828,0.14087667167186738
233,0.13672849535942078,3.6744763135910032,3.1032442331314085,179.99310302734375,0.14052082151174544
234,0.13843584805727005,3.661175751686096,3.006678342819214,179.99310302734375,0.142216694355011
235,0.135873045027256,3.5984126329421997,2.9962347030639647,179.99310302734375,0.13962198793888092
236,0.13835638165473937,3.730303955078125,3.100948190689087,179.99310302734375,0.1421765059232712
237,0.13694541603326799,3.536421275138855,2.9180139780044554,179.99310302734375,0.14065945595502855
238,0.136269149184227,3.5948333501815797,2.935843825340271,179.99309234619142,0.14001328647136688
239,0.13617191165685655,3.5715153217315674,2.9838747501373293,179.9930877685547,0.13990678787231445
240,0.13659348338842392,3.5492161750793456,2.9451767444610595,179.9930877685547,0.14031527638435365
241,0.13530532419681549,3.5198458194732667,2.918475389480591,179.99307556152343,0.13901109844446183
242,0.13662501722574233,3.57277934551239,2.9365352392196655,179.99307250976562,0.1403581589460373
243,0.135932120680809,3.6356139898300173,2.953294515609741,179.99307250976562,0.13969751596450805
244,0.13539296239614487,3.512941670417786,2.873401236534119,179.99307250976562,0.13909302949905394
245,0.1349016547203064,3.45521502494812,2.839038586616516,179.99307250976562,0.13857113867998122
246,0.13501908034086227,3.5080685138702394,2.8598302841186523,179.99307250976562,0.13871603161096574
247,0.13510791659355165,3.460756802558899,2.849875783920288,179.9930618286133,0.13878071755170823
248,0.1345951348543167,3.4809290409088134,2.9109271287918093,179.99305725097656,0.13828106969594955
249,0.1344533309340477,3.5817715883255006,2.8981411695480346,179.99305725097656,0.13818904757499695
250,0.13500908464193345,3.520957589149475,2.8992850303649904,179.99305114746093,0.1387144520878792
251,0.1343115821480751,3.5736462831497193,2.937634539604187,179.9930419921875,0.13804521262645722
252,0.13456699550151824,3.4897509813308716,2.909726309776306,179.9930419921875,0.1382572829723358
253,0.13519105762243272,3.583456206321716,2.9668272495269776,179.9930419921875,0.1389310523867607
254,0.1342593550682068,3.453489899635315,2.8236546993255613,179.9930419921875,0.13792720735073088
255,0.13443316519260406,3.560450530052185,2.9614795684814452,179.9930419921875,0.1381613940000534
256,0.13282670229673385,3.3934843063354494,2.78929603099823,179.99303283691407,0.13646283596754075
257,0.1330633729696274,3.4363871812820435,2.866401433944702,179.99302673339844,0.13672481328248978
258,0.13335677087306977,3.389587712287903,2.8200050830841064,179.99302673339844,0.1369924932718277
259,0.13375971019268035,3.4283332347869875,2.810980439186096,179.9930160522461,0.1374143496155739
260,0.13269094675779342,3.366767239570618,2.7452273845672606,179.99301147460938,0.13631151765584945
261,0.1327974498271942,3.444996404647827,2.8521494388580324,179.99301147460938,0.13646248131990432
262,0.13280943781137466,3.365338444709778,2.813899278640747,179.99301147460938,0.13643272519111632
263,0.13248057812452316,3.4605658292770385,2.9260489463806154,179.99301147460938,0.136157089471817
264,0.13310110718011856,3.324623680114746,2.824075388908386,179.99301147460938,0.13670454770326615
265,0.1330783873796463,3.4087041139602663,2.8623610019683836,179.99300842285157,0.13672578185796738
266,0.13272773772478103,3.3476481199264527,2.7308206796646117,179.9929962158203,0.13633802980184556
267,0.13174823969602584,3.386095142364502,2.8764501571655274,179.9929962158203,0.13538503497838975
268,0.13327087163925172,3.396780014038086,2.8726873874664305,179.9929962158203,0.13691282272338867
269,0.13160233199596405,3.3049229621887206,2.7434104681015015,179.99298248291015,0.13519189655780792
270,0.13254920840263368,3.322681522369385,2.7322901487350464,179.99298095703125,0.1361470878124237
271,0.1313106633722782,3.3204497337341308,2.7125038623809816,179.99298095703125,0.13490643948316575
272,0.1324969172477722,3.319270634651184,2.7844588994979858,179.99298095703125,0.13609570413827896
273,0.13123711347579955,3.3166382551193236,2.7413395643234253,179.99298095703125,0.13483242690563202
274,0.131498222053051,3.2984060287475585,2.7415975093841554,179.99298095703125,0.135084430873394
275,0.13068504482507706,3.343953776359558,2.7934819936752318,179.99298095703125,0.1342966228723526
276,0.13064499348402023,3.3445302486419677,2.73570237159729,179.9929656982422,0.13425396829843522
277,0.13096890300512315,3.265868663787842,2.686151456832886,179.9929656982422,0.13453607112169266
278,0.13170193135738373,3.2932641983032225,2.7661001443862916,179.99296112060546,0.13528679609298705
279,0.1302339978516102,3.2203616857528687,2.6964907169342043,179.99295043945312,0.13377892971038818
280,0.13170004785060882,3.28853063583374,2.7756818532943726,179.99295043945312,0.135283026099205
281,0.13002675920724868,3.2745779275894167,2.7275481462478637,179.99295043945312,0.133600352704525
282,0.12999300211668013,3.3340665817260744,2.780559206008911,179.99295043945312,0.13359898924827576
283,0.13120990693569184,3.276064705848694,2.7213006019592285,179.99295043945312,0.13478392958641053
284,0.13038821667432784,3.3086904287338257,2.760272574424744,179.99295043945312,0.1339805006980896
285,0.1302434556186199,3.2502341270446777,2.723926830291748,179.99295043945312,0.13380469828844072
286,0.1301621325314045,3.2236844539642333,2.7134401559829713,179.9929443359375,0.1337095707654953
287,0.12954659163951873,3.25471510887146,2.650879716873169,179.99293518066406,0.13310641795396805
288,0.13080080449581147,3.3270893812179567,2.814128017425537,179.99293518066406,0.13440498113632202
289,0.1295926973223686,3.210461640357971,2.6908440828323363,179.99292755126953,0.1331323966383934
290,0.12965845167636872,3.2211853504180907,2.7103612422943115,179.992919921875,0.13320449143648147
291,0.13005542755126953,3.263872170448303,2.6955775737762453,179.992919921875,0.13362206965684892
292,0.1295884408056736,3.268801236152649,2.795079302787781,179.992919921875,0.133162522315979
293,0.12916959971189498,3.195290279388428,2.684641408920288,179.992919921875,0.1327013999223709
294,0.12880812361836433,3.2158339977264405,2.658161973953247,179.992919921875,0.13234887570142745
295,0.12926219552755355,3.222198557853699,2.6833707809448244,179.992919921875,0.1328073889017105
296,0.12878937423229217,3.2049097776412965,2.6658435583114626,179.99291076660157,0.1323250487446785
297,0.12822583168745041,3.1933956146240234,2.6588303089141845,179.99290466308594,0.13175539523363114
298,0.12833694368600845,3.2506008625030516,2.746839427947998,179.99290466308594,0.13189951330423355
299,0.1285372294485569,3.2028364896774293,2.719130301475525,179.99290466308594,0.13207453042268752
300,0.12958480417728424,3.230113220214844,2.7189022064208985,179.99289093017578,0.13313573300838472
301,0.12812306508421897,3.1916585206985473,2.664714312553406,179.99288940429688,0.13165205717086792
302,0.12887832373380662,3.194725680351257,2.6821642875671388,179.99288940429688,0.13240972012281418
303,0.127505312114954,3.1573697090148927,2.6630102396011353,179.99288940429688,0.1310170739889145
304,0.1278585523366928,3.1534767627716063,2.6428505182266235,179.99288940429688,0.13136736005544664
305,0.1268345184624195,3.1004160404205323,2.6590896368026735,179.99288940429688,0.13031761050224305
306,0.12932927161455154,3.1168347358703614,2.6405524253845214,179.99288940429688,0.13281963914632797
307,0.12738803401589394,3.140747594833374,2.6021825551986693,179.99288635253907,0.1308884434401989
308,0.12823742106556893,3.184844899177551,2.6827967166900635,179.9928741455078,0.13176391124725342
309,0.12800260931253432,3.0968333005905153,2.6602492570877074,179.9928741455078,0.1314839631319046
310,0.12881335914134978,3.1564225435256956,2.7308085918426515,179.9928741455078,0.13232803642749785
311,0.12860102728009223,3.2115988969802856,2.7350533246994018,179.99286346435548,0.13214350938796998
312,0.12724862322211267,3.077975034713745,2.5925527095794676,179.99285888671875,0.1307171642780304
313,0.12727413102984428,3.0492146015167236,2.5869255542755125,179.99285888671875,0.1307280108332634
314,0.12632339224219322,3.143977236747742,2.6403056144714356,179.99285888671875,0.12982732206583023
315,0.12786704450845718,3.125395941734314,2.6101335525512694,179.99285888671875,0.13136017620563506
316,0.12781812697649003,3.1200366258621215,2.6396279096603394,179.99285888671875,0.13131004869937896
317,0.1273103967308998,3.1482698917388916,2.634069633483887,179.99285888671875,0.13081615865230561
318,0.12660666182637215,3.0638164281845093,2.583711290359497,179.99285888671875,0.13006768450140954
319,0.12740938887000083,3.1063548803329466,2.6235655307769776,179.9928436279297,0.13089367374777794
320,0.126677193492651,3.11369104385376,2.6609081506729124,179.9928436279297,0.13016700893640518
321,0.1269940070807934,3.130743932723999,2.6733376502990724,179.9928436279297,0.13049297109246255
322,0.12660111412405967,3.1258559465408324,2.630858874320984,179.9928436279297,0.1300955131649971
323,0.12517651915550232,3.0962981462478636,2.59526469707489,179.99282836914062,0.12865436151623727
324,0.12664828896522523,3.0263291358947755,2.5647459268569945,179.99282836914062,0.1300896152853966
325,0.12588454484939576,3.0486112356185915,2.6020811080932615,179.99282836914062,0.1293388843536377
326,0.12562274560332298,3.1105111122131346,2.63240122795105,179.99282836914062,0.12910955101251603
327,0.12583692967891694,3.0772756576538085,2.644783926010132,179.99282836914062,0.1293077364563942
328,0.12562717348337174,3.074204707145691,2.6025501489639282,179.99282836914062,0.12909433171153067
329,0.12624812871217728,3.0476893186569214,2.5910143136978148,179.99282836914062,0.12970145121216775
330,0.12513811960816384,3.0329493999481203,2.583699679374695,179.99282836914062,0.12858370542526246
331,0.12566363662481309,3.11446897983551,2.642232894897461,179.99281311035156,0.1291529081761837
332,0.1258907951414585,3.0845437049865723,2.6355955362319947,179.99281311035156,0.12936477288603782
333,0.1253304213285446,3.070184254646301,2.531908369064331,179.99281311035156,0.12879203483462334
334,0.12545562013983727,3.0553264379501344,2.5907878398895265,179.99280548095703,0.12891274616122245
335,0.12596993148326874,3.046556329727173,2.6194568634033204,179.9927978515625,0.1294241078197956
336,0.1246734730899334,3.085659718513489,2.5904858827590944,179.9927978515625,0.12814575284719468
337,0.12558553069829942,2.973860812187195,2.5308216333389284,179.9927978515625,0.1289989285171032
338,0.12468929886817932,3.0912669897079468,2.612373924255371,179.9927978515625,0.12816547751426696
339,0.12476358488202095,3.058918261528015,2.6271878719329833,179.9927978515625,0.12822432741522788
340,0.1257628917694092,3.076262283325195,2.641176772117615,179.9927978515625,0.1292330078780651
341,0.12404835596680641,3.003325366973877,2.5420419692993166,179.9927978515625,0.1274770423769951
342,0.12490340694785118,3.0297903537750246,2.602756690979004,179.99278411865234,0.12834836393594742
343,0.12648418322205543,3.0575058221817017,2.6648292541503906,179.99278259277344,0.12994610369205475
344,0.12578955963253974,3.024169373512268,2.5832889556884764,179.99278259277344,0.12923073768615723
345,0.12457177117466926,3.0242355823516847,2.5814777612686157,179.99278259277344,0.12801288887858392
346,0.12432221993803978,2.9943506717681885,2.566632628440857,179.9927749633789,0.12774765193462373
347,0.12425317987799644,3.0238322973251344,2.615103912353516,179.99276733398438,0.1276957757771015
348,0.12364909946918487,2.9664101123809816,2.4980770111083985,179.99276733398438,0.12705713361501694
349,0.12406396344304085,2.987486219406128,2.573030686378479,179.99276733398438,0.12748628482222557
350,0.1244058959186077,2.9441186666488646,2.495575261116028,179.99276733398438,0.12780265957117082
351,0.12451777756214141,3.0346287965774534,2.601856517791748,179.99276733398438,0.1279651127755642
352,0.12482787445187568,2.9809579849243164,2.5844006299972535,179.99276733398438,0.12824750542640687
353,0.12418040260672569,2.9249176502227785,2.4988105058670045,179.99276733398438,0.12756772711873055
354,0.12559551671147345,3.073471736907959,2.717644739151001,179.9927536010742,0.12906806394457818
355,0.12368961721658707,2.994891095161438,2.571265149116516,179.9927520751953,0.12711555436253547
356,0.12458539232611657,3.0055091619491576,2.6049095392227173,179.9927520751953,0.12801832109689712
357,0.1235117994248867,2.9943318367004395,2.57906174659729,179.9927520751953,0.1269378460943699
358,0.12343875393271446,3.0048794031143187,2.5521841287612914,179.99274444580078,0.12686872854828835
359,0.1233012393116951,2.9948851108551025,2.576839566230774,179.99273681640625,0.1267274536192417
360,0.12412407025694847,2.977174162864685,2.582477498054504,179.99273681640625,0.12754170820116997
361,0.12417536303400993,3.003467321395874,2.6017959117889404,179.99273681640625,0.1276071138679981
362,0.12301958873867988,2.953742432594299,2.541960072517395,179.99273681640625,0.1264234833419323
363,0.12356283143162727,2.9172445058822634,2.50738410949707,179.99273681640625,0.12694675028324126
364,0.1233231171965599,2.9903054237365723,2.6124599456787108,179.99273681640625,0.12674882188439368
365,0.12357139885425568,2.9853240489959716,2.5500979661941527,179.99273681640625,0.12699149176478386
366,0.12426072582602501,2.9941884756088255,2.5910850524902345,179.992724609375,0.12768729999661446
367,0.12227480784058571,2.981691288948059,2.5653602361679075,179.9927215576172,0.1256938472390175
368,0.12282980680465698,2.9023387908935545,2.4668489694595337,179.9927215576172,0.12620424702763558
369,0.12375427484512329,2.978225564956665,2.491233801841736,179.9927215576172,0.12716787531971932
370,0.12247212752699851,2.9213958740234376,2.4844762086868286,179.99271240234376,0.12585697397589685
371,0.12387282103300094,2.9869152307510376,2.5511022567749024,179.99270629882812,0.12729376032948495
372,0.12215935438871384,2.966628646850586,2.525008797645569,179.99270629882812,0.12556884810328484
373,0.12285357937216759,2.917117643356323,2.4727956533432005,179.99270629882812,0.12623570188879968
374,0.12239735201001167,2.8996739864349363,2.5172147274017336,179.99270629882812,0.12577297762036324
375,0.12239974290132523,2.8871039867401125,2.47731614112854,179.99270629882812,0.12576708868145942
376,0.12207656875252723,2.8582992792129516,2.47140748500824,179.99270629882812,0.12542921751737596
377,0.1231273852288723,2.9439566373825072,2.5624379873275758,179.99270629882812,0.12652741074562074
378,0.122343160957098,2.942482280731201,2.501992201805115,179.9926971435547,0.1257394254207611
379,0.12289558947086335,2.929586958885193,2.5492012739181518,179.99269104003906,0.12628777399659158
380,0.1226792462170124,2.928891730308533,2.5690269470214844,179.99269104003906,0.12607207000255585
381,0.12119672894477844,2.9284163236618044,2.493127632141113,179.99269104003906,0.12458552122116089
382,0.12300589755177498,2.9511261224746703,2.5916252374649047,179.99268188476563,0.12641097009181976
383,0.12151427939534187,2.9455179452896116,2.528407883644104,179.99267578125,0.12491338476538658
384,0.12290051430463791,2.894753098487854,2.5329849481582642,179.99267578125,0.1262744665145874
385,0.12188174650073051,2.9220619201660156,2.458432745933533,179.99267578125,0.12526562660932541
386,0.12124111503362656,2.866603684425354,2.469534730911255,179.99267578125,0.12459781840443611
387,0.1222764179110527,2.977745294570923,2.601027083396912,179.99267578125,0.12569526880979537
388,0.12176726236939431,2.8835386753082277,2.501632022857666,179.99267578125,0.1251340389251709
389,0.12176989838480949,2.86619610786438,2.476883339881897,179.99267578125,0.1251267671585083
390,0.12130675986409187,2.825215983390808,2.4502371072769167,179.99266815185547,0.1246418073773384
391,0.12245574668049812,2.9387122631072997,2.584529399871826,179.99266052246094,0.125854255259037
392,0.12213952019810677,2.8815725803375245,2.4982601165771485,179.99266052246094,0.12550514861941336
393,0.1213372878730297,2.9237763404846193,2.484726095199585,179.9926559448242,0.12472333833575248
394,0.12078394070267677,2.8744664192199707,2.4770617485046387,179.99264526367188,0.12414495646953583
395,0.12071487158536912,2.838610053062439,2.4329864740371705,179.99264526367188,0.12405575141310692
396,0.12158534526824952,2.8836323738098146,2.491850399971008,179.99264526367188,0.12495168000459671
397,0.12110878899693489,2.801504611968994,2.4372697830200196,179.99264526367188,0.12443132996559143
398,0.12090585753321648,2.8424885511398315,2.4960016012191772,179.99264526367188,0.12425182908773422
399,0.121969273686409,2.8664158821105956,2.498534345626831,179.99264526367188,0.12532733455300332
400,0.12144937887787818,2.8511084079742433,2.5090340852737425,179.99264526367188,0.1248003102838993
401,0.12062870115041732,2.8391569375991823,2.4997288942337037,179.99264526367188,0.12397319227457046
402,0.12020515874028206,2.8380127906799317,2.409279704093933,179.99263763427734,0.1235445536673069
403,0.12143998965620995,2.8984513521194457,2.5138350248336794,179.9926300048828,0.12481483146548271
404,0.12016714364290237,2.793389010429382,2.4094446897506714,179.9926300048828,0.12348423674702644
405,0.1206899993121624,2.866582989692688,2.4720863103866577,179.9926300048828,0.12404682263731956
406,0.12068280056118966,2.8180996894836428,2.435899496078491,179.99261779785155,0.12401357218623162
407,0.12107811123132706,2.847678709030151,2.4507571697235107,179.99261474609375,0.12442441210150719
408,0.12088815346360207,2.8657129049301147,2.4777015209198,179.99261474609375,0.12424482181668281
409,0.12073633000254631,2.871921730041504,2.4567848682403564,179.99261474609375,0.12409505695104599
410,0.12111673504114151,2.7756285667419434,2.4311295986175536,179.99261474609375,0.12442603036761284
411,0.11987297236919403,2.865875315666199,2.4751432657241823,179.99261474609375,0.12322959303855896
412,0.120559723675251,2.801544666290283,2.4435266494750976,179.99261474609375,0.12388259768486024
413,0.12003378793597222,2.8437979936599733,2.471789312362671,179.99261474609375,0.12337920293211938
414,0.12055141255259513,2.850980114936829,2.461072301864624,179.99261474609375,0.12389988005161286
415,0.12015455961227417,2.8780142068862915,2.4847979068756105,179.99260406494142,0.12351773232221604
416,0.12120768055319786,2.816019320487976,2.4879783391952515,179.9925994873047,0.12454001307487488
417,0.12007667720317841,2.7903062105178833,2.415316581726074,179.9925994873047,0.12339252158999443
418,0.12125570178031922,2.8132575035095213,2.4539137840270997,179.9925994873047,0.12458495050668716
419,0.12008813843131065,2.824448037147522,2.4654220819473265,179.99258575439453,0.12342355772852898
420,0.1205268532037735,2.8087771415710447,2.444427752494812,179.99258422851562,0.12385339066386222
421,0.12082983553409576,2.8180151700973513,2.468735098838806,179.99258422851562,0.12416220679879189
422,0.12088769376277923,2.8229358196258545,2.470971155166626,179.99258422851562,0.1242226354777813
423,0.11980026513338089,2.8170159101486205,2.4019776821136474,179.99258422851562,0.12312879934906959
424,0.12025342136621475,2.846474027633667,2.4873375415802004,179.99258422851562,0.12360094934701919
425,0.12069046497344971,2.8277440309524535,2.5237063646316527,179.99258422851562,0.12403044924139976
426,0.12026206105947494,2.8256688356399535,2.469339632987976,179.99258422851562,0.12359828725457192
427,0.11918972432613373,2.785599422454834,2.4354960918426514,179.99258422851562,0.122504223883152
428,0.11922114044427871,2.8361417055130005,2.462491536140442,179.99257202148436,0.12256226241588593
429,0.1200677588582039,2.812033843994141,2.462604856491089,179.99256896972656,0.12339683026075363
430,0.11948597580194473,2.775956392288208,2.4250372409820558,179.99256896972656,0.12279513031244278
431,0.1191721148788929,2.7851763725280763,2.434761381149292,179.99256744384766,0.12248636782169342
432,0.11965771988034249,2.774298143386841,2.4588661193847656,179.9925537109375,0.12296773791313172
433,0.11968211084604263,2.787481260299683,2.407532811164856,179.9925537109375,0.12299615368247033
434,0.11921286657452583,2.7859253883361816,2.409803366661072,179.9925537109375,0.12252624407410621
435,0.1194614127278328,2.845966100692749,2.4697293758392336,179.9925537109375,0.12280780673027039
436,0.11927341148257256,2.7685580968856813,2.4405918598175047,179.9925537109375,0.1225796438753605
437,0.11972872838377953,2.7816014289855957,2.3896867752075197,179.9925537109375,0.12303894087672233
438,0.11905747354030609,2.753555965423584,2.3853487968444824,179.9925537109375,0.12235344499349594
439,0.11876992732286454,2.7666476726531983,2.4036847352981567,179.9925537109375,0.12207336127758026
440,0.11964775547385216,2.779157114028931,2.4885815620422362,179.9925506591797,0.12296168953180313
441,0.11911647766828537,2.7722363233566285,2.465477991104126,179.99253845214844,0.12242579534649849
442,0.11926775723695755,2.838486385345459,2.4841742515563965,179.99253845214844,0.12261113300919532
443,0.11829056292772293,2.773068141937256,2.378119683265686,179.99253845214844,0.1215959295630455
444,0.11962033435702324,2.7538994789123534,2.413861799240112,179.99252319335938,0.12291790321469306
445,0.11861775666475297,2.7632171630859377,2.4142189741134645,179.99252319335938,0.12192000150680542
446,0.1193193919956684,2.762581300735474,2.403586173057556,179.99252319335938,0.12262078896164894
447,0.11816178113222123,2.757457947731018,2.428825283050537,179.99252319335938,0.12146187648177147
448,0.1191488690674305,2.7765204191207884,2.435565972328186,179.99252319335938,0.12245883271098137
449,0.11895188018679619,2.766780233383179,2.432673120498657,179.99252319335938,0.12225683107972145
450,0.11948434188961983,2.782713294029236,2.455013465881348,179.99252319335938,0.12279837504029274
451,0.11875172257423401,2.776353883743286,2.3717887878417967,179.99252319335938,0.1220584161579609
452,0.11833635345101357,2.8110949039459228,2.4984282493591308,179.99252319335938,0.12166674807667732
453,0.11886976882815362,2.7856024265289308,2.4917566776275635,179.9925094604492,0.12218708395957947
454,0.11839085072278976,2.79031081199646,2.4379189252853393,179.9925079345703,0.12170782834291458
455,0.11797872260212898,2.794619250297546,2.4217901468276977,179.9925079345703,0.12129704803228378
456,0.11797855421900749,2.737945008277893,2.4036632776260376,179.9925048828125,0.1212676353752613
457,0.1192685216665268,2.728608226776123,2.4188578367233275,179.99249267578125,0.12255369499325752
458,0.11801795437932014,2.7317716121673583,2.3972548961639406,179.99249267578125,0.12130362913012505
459,0.11795297786593437,2.7451885461807253,2.3898946762084963,179.99249267578125,0.12124499306082726
460,0.11767869368195534,2.7241047859191894,2.4191603660583496,179.99249267578125,0.1209616295993328
461,0.1185669519007206,2.7616899013519287,2.413840126991272,179.99249267578125,0.12186841517686844
462,0.11847971677780152,2.7127007961273195,2.365560269355774,179.99249267578125,0.12175427079200744
463,0.11903806403279305,2.7378641605377196,2.430718731880188,179.99249267578125,0.12232845723628998
464,0.11784085482358933,2.7078760147094725,2.353877806663513,179.99249267578125,0.12111241295933724
465,0.11762930378317833,2.7109237909317017,2.3770379781723023,179.99249114990235,0.12090354189276695
466,0.11769458204507828,2.714584493637085,2.378741216659546,179.9924774169922,0.12097073793411255
467,0.1172107331454754,2.7262583494186403,2.3871712923049926,179.9924774169922,0.12049314752221107
468,0.11764987856149674,2.7601938486099242,2.406348180770874,179.9924774169922,0.12095021978020667
469,0.11716361343860626,2.7267626523971558,2.403055477142334,179.99247131347656,0.12044707685709
470,0.11752113103866577,2.7344146728515626,2.3824934005737304,179.99246215820312,0.12080738767981529
471,0.11750506907701493,2.767546510696411,2.451381802558899,179.99246215820312,0.12081133797764779
472,0.11743519008159638,2.771777057647705,2.4060839653015136,179.99246215820312,0.12074130848050117
473,0.11771446093916893,2.752912902832031,2.459947657585144,179.99246215820312,0.12101384028792381
474,0.11688124313950539,2.7080413818359377,2.363718032836914,179.99246215820312,0.12015337571501732
475,0.11679505109786988,2.8093836069107057,2.457387328147888,179.99246215820312,0.12012253701686859
476,0.11791317015886307,2.709879684448242,2.4192081689834595,179.99246215820312,0.12118899747729302
477,0.11744076311588288,2.708889937400818,2.388470983505249,179.99246215820312,0.1207145556807518
478,0.1168569266796112,2.796943211555481,2.515041208267212,179.9924575805664,0.12018107771873474
479,0.11767110228538513,2.7080124855041503,2.387670707702637,179.99244689941406,0.12094441801309586
480,0.11700677499175072,2.7039605140686036,2.359696936607361,179.99244689941406,0.12027666792273521
481,0.11816071048378944,2.807470965385437,2.551297998428345,179.99244689941406,0.12149193733930588
482,0.11753080785274506,2.727443218231201,2.405608582496643,179.99243927001953,0.12081473618745804
483,0.11791927441954612,2.743052291870117,2.41661741733551,179.992431640625,0.12121155709028245
484,0.11715165004134179,2.7295336961746215,2.403839039802551,179.992431640625,0.12043653577566146
485,0.11736904382705689,2.728732180595398,2.4336406230926513,179.992431640625,0.12065501734614373
486,0.11787776798009872,2.684846615791321,2.396655058860779,179.992431640625,0.12113994956016541
487,0.11678053736686707,2.6883740186691285,2.3817466497421265,179.992431640625,0.12004373744130134
488,0.1172672264277935,2.749750828742981,2.4387580871582033,179.992431640625,0.12056396529078484
489,0.11716634184122085,2.681023383140564,2.3672826290130615,179.992431640625,0.12042514383792877
490,0.11681360974907876,2.685357761383057,2.379880499839783,179.992431640625,0.12007520943880082
491,0.11716883331537246,2.7449299335479735,2.4230605602264403,179.99242553710937,0.12046237736940384
492,0.11774313896894455,2.691597604751587,2.409188485145569,179.99241638183594,0.12100932449102401
493,0.11615274548530578,2.6964242219924928,2.3884150981903076,179.99241638183594,0.11942030489444733
494,0.1158583901822567,2.6891483306884765,2.3778244256973267,179.99241638183594,0.11912178173661232
495,0.1166414462029934,2.652451992034912,2.3381890535354612,179.9924072265625,0.11988450735807418
496,0.11759703904390335,2.667087960243225,2.360311412811279,179.99240112304688,0.1208485260605812
497,0.11689594537019729,2.6778256416320803,2.359258031845093,179.99240112304688,0.12015274688601493
498,0.1176597885787487,2.7206345796585083,2.431839179992676,179.99240112304688,0.12094162404537201
499,0.11662266626954079,2.7166351795196535,2.389056921005249,179.99240112304688,0.11990036293864251
500,0.11685167327523231,2.703929400444031,2.3977740526199343,179.99240112304688,0.12012345269322396
501,0.11689509004354477,2.705935311317444,2.408602070808411,179.99240112304688,0.12016841396689415
502,0.1166550450026989,2.706315445899963,2.4004440546035766,179.99240112304688,0.11992815136909485
503,0.11676480546593666,2.673391342163086,2.3874557256698608,179.99240112304688,0.12002080008387565
504,0.11670318245887756,2.769125533103943,2.506028175354004,179.99239501953124,0.12001297250390053
505,0.11703148782253266,2.6742631435394286,2.385505127906799,179.9923858642578,0.12028782218694686
506,0.11603716313838959,2.767840027809143,2.491062951087952,179.9923858642578,0.11934556365013123
507,0.11569316238164902,2.7196722745895388,2.4346924304962156,179.9923828125,0.11897466033697128
508,0.11617543920874596,2.734983229637146,2.429415702819824,179.99237060546875,0.11946432814002036
509,0.11582071632146836,2.6794049978256225,2.3617411136627195,179.99237060546875,0.11907843202352524
510,0.11589077487587929,2.7243643283843992,2.4244618654251098,179.99237060546875,0.11917410641908646
511,0.1166523739695549,2.7122924089431764,2.405455732345581,179.99237060546875,0.11992871835827827
512,0.11670980453491211,2.6543781042098997,2.394860529899597,179.99237060546875,0.11995666250586509
513,0.11662620306015015,2.6721979141235352,2.3656942367553713,179.99237060546875,0.11988051310181617
514,0.11537041664123535,2.6512869596481323,2.321451210975647,179.99237060546875,0.11861205697059632
515,0.1150364950299263,2.6766361474990843,2.3857738971710205,179.99237060546875,0.11829402670264244
516,0.115575610101223,2.6564003944396974,2.3664665699005125,179.99237060546875,0.11882205903530121
517,0.11660254523158073,2.737676477432251,2.456587719917297,179.9923583984375,0.11989414021372795
518,0.11610258221626282,2.6886069059371946,2.3547839641571047,179.9923553466797,0.11936455145478249
519,0.11700063198804855,2.6814674615859984,2.4040693759918215,179.9923553466797,0.12026149407029152
520,0.11635189428925514,2.6824263095855714,2.3925025701522826,179.99235076904296,0.11961265951395035
521,0.1158621959388256,2.6502485275268555,2.3488057136535643,179.99234008789062,0.11910468637943268
522,0.11566005647182465,2.6190327405929565,2.3405845165252686,179.99234008789062,0.11888652965426445
523,0.11567202433943749,2.6593892335891725,2.378128480911255,179.99234008789062,0.11892055124044418
524,0.11510329619050026,2.68352472782135,2.4011608600616454,179.99234008789062,0.11836504191160202
525,0.11555932834744453,2.6681079626083375,2.4069449663162232,179.99234008789062,0.11881365552544594
526,0.11609196290373802,2.613431715965271,2.345125102996826,179.99234008789062,0.11931586116552353
527,0.11603755354881287,2.644768762588501,2.3703084230422973,179.99234008789062,0.11927837729454041
528,0.1157089613378048,2.6383270263671874,2.3252147436141968,179.99234008789062,0.11894431188702584
529,0.11577150374650955,2.6786484718322754,2.377625608444214,179.99234008789062,0.11902963593602181
530,0.11611823961138726,2.656110382080078,2.3855735778808596,179.99232635498046,0.11936549842357635
531,0.11538619920611382,2.7105018854141236,2.455169677734375,179.99232482910156,0.11866413354873658
532,0.11514650583267212,2.6772216081619264,2.412402129173279,179.99232482910156,0.1184056632220745
533,0.11596468016505242,2.681211471557617,2.3807130575180055,179.99231872558593,0.11922424659132957
534,0.11634365990757942,2.7395480394363405,2.4812607049942015,179.9923095703125,0.11963742151856423
535,0.11558014154434204,2.653740096092224,2.3459407329559325,179.9923095703125,0.11882423460483552
536,0.11503227800130844,2.6643909454345702,2.383209538459778,179.9923095703125,0.11828356087207795
537,0.11524015814065933,2.626691126823425,2.353744554519653,179.9923095703125,0.11847111582756042
538,0.11614768281579017,2.6923182249069213,2.4583734035491944,179.9923095703125,0.11941668689250946
539,0.11460532546043396,2.681136441230774,2.3838021516799928,179.9923095703125,0.11786500960588456
540,0.11448612958192825,2.64520800113678,2.3462703227996826,179.9923095703125,0.11772597283124923
541,0.11510293558239937,2.6914271831512453,2.4292582511901855,179.9923095703125,0.11837003752589226
542,0.1156205415725708,2.6740909099578856,2.3889767646789553,179.99230346679687,0.11887696161866187
543,0.11536861956119537,2.620628571510315,2.3277700185775756,179.99229431152344,0.11859524846076966
544,0.11562737673521042,2.628467488288879,2.3319257736206054,179.99229431152344,0.11885813251137733
545,0.11452237814664841,2.642892909049988,2.351417899131775,179.99229431152344,0.11776132211089134
546,0.11620246171951294,2.6390648603439333,2.3353639602661134,179.99228515625,0.11943868845701218
547,0.11493525356054306,2.64845290184021,2.3636792421340944,179.99227905273438,0.11817758977413177
548,0.11533365398645401,2.6153239488601683,2.3128538846969606,179.99227905273438,0.1185568854212761
549,0.11507854461669922,2.6207196950912475,2.3694262981414793,179.99227905273438,0.1183073028922081
550,0.11443201154470443,2.61613450050354,2.3392070531845093,179.99227905273438,0.11765696480870247
551,0.11590086221694947,2.68435959815979,2.442371106147766,179.99227905273438,0.11916508749127389
552,0.11439418569207191,2.6234133005142213,2.3563946008682253,179.99227905273438,0.11762363761663437
553,0.11508866474032402,2.5957144021987917,2.305746150016785,179.99227905273438,0.11830173656344414
554,0.11488003954291344,2.6138529777526855,2.3505631923675536,179.99227905273438,0.11810442060232162
555,0.114667160063982,2.6454562902450562,2.3387001752853394,179.99227294921874,0.1179067499935627
556,0.11577931642532349,2.678941011428833,2.4153372049331665,179.9922637939453,0.11903947964310646
557,0.11500414982438087,2.632973337173462,2.3520215511322022,179.9922637939453,0.11823816448450089
558,0.11371575891971589,2.633404350280762,2.3354602575302126,179.9922637939453,0.11694916039705276
559,0.11608718559145928,2.6179291009902954,2.3408020734786987,179.99225616455078,0.1193131148815155
560,0.11420421823859214,2.6256243705749513,2.3378098249435424,179.99224853515625,0.11743384301662445
561,0.11508439630270004,2.6065868854522707,2.360307312011719,179.99224853515625,0.11830562800168991
562,0.11473298743367195,2.632782006263733,2.355099010467529,179.99224853515625,0.1179670587182045
563,0.11563963294029236,2.711890149116516,2.4842679500579834,179.99224853515625,0.11891971081495285
564,0.11508635208010673,2.7423314571380617,2.5217288970947265,179.99224853515625,0.1183835282921791
565,0.1142897829413414,2.6236809968948362,2.359213447570801,179.99224853515625,0.11751950681209564
566,0.11370098143815995,2.6401543617248535,2.3717353105545045,179.99224853515625,0.11693956851959228
567,0.11407259106636047,2.6451913833618166,2.3797908782958985,179.99224853515625,0.11731409579515457
568,0.11527026295661927,2.6969993829727175,2.4600942850112917,179.99224395751952,0.1185416892170906
569,0.11420044675469398,2.594239926338196,2.312561202049255,179.9922332763672,0.11741311326622964
570,0.1156553104519844,2.7447088241577147,2.5557302474975585,179.9922332763672,0.11895537301898003
571,0.11406738758087158,2.6224849462509154,2.334345507621765,179.9922332763672,0.11729526594281196
572,0.11415651291608811,2.6035042285919188,2.295916771888733,179.99222412109376,0.1173729807138443
573,0.11439245939254761,2.632161593437195,2.3559502840042112,179.99221801757812,0.11762625500559806
574,0.11464932039380074,2.6301033973693846,2.3457452178001406,179.99221801757812,0.11788157969713212
575,0.11498868614435195,2.6408625841140747,2.4093597888946534,179.99221801757812,0.11822950467467308
576,0.1142357885837555,2.657280611991882,2.3897949934005736,179.99221801757812,0.11748383790254593
577,0.11522921696305274,2.594531011581421,2.3186118841171264,179.99221801757812,0.11844233050942421
578,0.11480083167552949,2.585600662231445,2.2765942335128786,179.99221801757812,0.11800738051533699
579,0.11373391970992089,2.559366464614868,2.296230506896973,179.99221801757812,0.11692833304405212
580,0.11421904936432839,2.6170375108718873,2.3510789394378664,179.99221801757812,0.11744504272937775
581,0.11473433822393417,2.61461398601532,2.349001407623291,179.9922134399414,0.117959014326334
582,0.11444921046495438,2.5990322828292847,2.348338079452515,179.99220275878906,0.11766606196761131
583,0.11415314823389053,2.592148518562317,2.35240478515625,179.99220275878906,0.11736676096916199
584,0.11480302289128304,2.6041381120681764,2.334777593612671,179.99220275878906,0.11802174970507621
585,0.11390527188777924,2.60029935836792,2.3150318384170534,179.99219665527343,0.11712109073996543
586,0.11423339620232582,2.6009400606155397,2.3311900973320006,179.9921875,0.11745034307241439
587,0.11305040791630745,2.6299062728881837,2.3751943826675417,179.9921875,0.11628404036164283
588,0.11472604796290398,2.5716495513916016,2.3142735242843626,179.9921875,0.11792750582098961
589,0.11437709629535675,2.584289789199829,2.333387613296509,179.9921875,0.11758582890033722
590,0.11418539732694626,2.618069648742676,2.3645704984664917,179.9921875,0.11741257980465888
591,0.11359594389796257,2.599226379394531,2.3193108797073365,179.9921875,0.11681144163012505
592,0.11418437063694001,2.656943845748901,2.3835559368133543,179.9921875,0.11743193864822388
593,0.11385950669646264,2.5831414222717286,2.3252619743347167,179.9921875,0.11706725805997849
594,0.1134673535823822,2.5921035289764403,2.3177003145217894,179.9921859741211,0.1166792094707489
595,0.11409689635038375,2.6333257436752318,2.367637276649475,179.99217224121094,0.11733185946941375
596,0.11378001198172569,2.562340426445007,2.3103691577911376,179.99217224121094,0.11697661951184272
597,0.11419073417782784,2.541157364845276,2.279511260986328,179.99217224121094,0.11737520769238471
598,0.11329081356525421,2.576162004470825,2.300249433517456,179.99216918945314,0.11649382561445236
599,0.11271124184131623,2.6063488960266112,2.2978994846343994,179.99215698242188,0.1159292295575142
600,0.11396932229399681,2.58951313495636,2.282882046699524,179.99215698242188,0.1171781413257122
601,0.11358316987752914,2.585254430770874,2.2976104497909544,179.99215698242188,0.11679059565067292
602,0.11376260221004486,2.6128942728042603,2.363278126716614,179.99215698242188,0.11698713079094887
603,0.11385965421795845,2.60363507270813,2.3690059661865233,179.99215698242188,0.11707984060049056
604,0.113591268658638,2.569241690635681,2.317029571533203,179.99215698242188,0.11679165884852409
605,0.11489458829164505,2.6474093198776245,2.376586389541626,179.99215698242188,0.11813703998923301
606,0.11373013183474541,2.600644254684448,2.3200088024139403,179.99215698242188,0.11694637387990951
607,0.11412855982780457,2.581974744796753,2.319595527648926,179.99215698242188,0.11733544543385506
608,0.11310718804597855,2.5698682069778442,2.3029923915863035,179.9921417236328,0.11630719155073166
609,0.11337918490171432,2.6286062717437746,2.350874733924866,179.9921417236328,0.11661095097661019
610,0.11370083764195442,2.5644298791885376,2.287719416618347,179.9921417236328,0.11689735800027848
611,0.11341892257332802,2.5549851417541505,2.3135917663574217,179.992138671875,0.11661201491951942
612,0.11376073807477952,2.5515705585479735,2.273758554458618,179.99212646484375,0.11695013269782066
613,0.11542325764894486,2.6243694543838503,2.3463160514831545,179.99212646484375,0.11865267753601075
614,0.11284643933176994,2.574354147911072,2.2832873344421385,179.99212646484375,0.11604769751429558
615,0.11504339575767517,2.603211855888367,2.3905966520309447,179.99212646484375,0.11826445311307907
616,0.11405225768685341,2.5863150358200073,2.332328939437866,179.99212646484375,0.11726195216178895
617,0.11395619213581085,2.600060057640076,2.3277043104171753,179.99212646484375,0.1171725258231163
618,0.11382879093289375,2.595475745201111,2.353918170928955,179.99212646484375,0.11704414188861847
619,0.11374485194683075,2.6299543619155883,2.3704361438751222,179.99212646484375,0.11697826981544494
620,0.11347973868250846,2.5664796352386476,2.3036390066146852,179.99212646484375,0.11667807921767234
621,0.11257415562868119,2.597261357307434,2.354123020172119,179.9921142578125,0.11579041257500648
622,0.112569148093462,2.541894221305847,2.2713583588600157,179.9921112060547,0.11575358137488365
623,0.11237884610891342,2.559171962738037,2.332750415802002,179.9921112060547,0.11557498723268508
624,0.11341439932584763,2.571711802482605,2.310657835006714,179.9921112060547,0.11661570742726327
625,0.1129992090165615,2.6005053520202637,2.338229942321777,179.99209747314453,0.116216292232275
626,0.11211851090192795,2.5937720060348513,2.3350558280944824,179.99209594726562,0.1153320699930191
627,0.11360087767243385,2.5942190647125245,2.339928460121155,179.99209594726562,0.11681490391492844
628,0.11347451731562615,2.5667711019515993,2.285565710067749,179.99209594726562,0.11667210087180138
629,0.11293305307626725,2.5864762544631956,2.3433526754379272,179.99209594726562,0.11614337861537934
630,0.11377335190773011,2.6137652158737184,2.3784346342086793,179.99209594726562,0.11699907556176185
631,0.11300652176141739,2.538563442230225,2.2795491933822634,179.99209594726562,0.11618969962000847
632,0.11291399747133254,2.575060272216797,2.3089616298675537,179.99209594726562,0.11611689254641533
633,0.11277310773730279,2.5629453897476195,2.270881199836731,179.99209594726562,0.11596804410219193
634,0.1125660039484501,2.547404479980469,2.3104954957962036,179.9920867919922,0.11575515046715737
635,0.1122923582792282,2.5488972902297973,2.2857665538787844,179.99208068847656,0.11548101454973221
636,0.11257462725043296,2.5369141817092897,2.274690580368042,179.99208068847656,0.11575673669576644
637,0.11268286481499672,2.5611379146575928,2.300888252258301,179.99208068847656,0.11587839722633361
638,0.11304822713136672,2.5995251178741454,2.3748817920684813,179.99207000732423,0.11626665368676185
639,0.11225783079862595,2.570902633666992,2.3351967573165893,179.9920654296875,0.11545995995402336
640,0.11261834725737571,2.566325306892395,2.3190016031265257,179.9920654296875,0.11581737995147705
641,0.11272169053554534,2.5586946964263917,2.327430582046509,179.9920654296875,0.11591732874512672
642,0.11358672976493836,2.594107818603516,2.371435022354126,179.9920654296875,0.11680227369070054
643,0.11278253197669982,2.5522080421447755,2.2763621330261232,179.9920654296875,0.11597237288951874
644,0.11322842910885811,2.558951997756958,2.3009752511978148,179.9920654296875,0.11642287150025368
645,0.11263878345489502,2.6120307207107545,2.2970942497253417,179.9920654296875,0.11585957258939743
646,0.11242198944091797,2.5465806484222413,2.2828762412071226,179.9920654296875,0.11560934036970139
647,0.11291222497820855,2.532739543914795,2.2726685881614683,179.9920639038086,0.11609214693307876
648,0.1121593989431858,2.5152718782424928,2.277244472503662,179.99205017089844,0.11533081606030464
649,0.11237314566969872,2.533854603767395,2.314250349998474,179.99205017089844,0.11555570438504219
650,0.111632139980793,2.536790704727173,2.3088911533355714,179.99205017089844,0.11481589898467064
651,0.11303044110536575,2.542387819290161,2.3113050937652586,179.9920455932617,0.1162171185016632
652,0.11307115033268929,2.5387080907821655,2.2851279020309447,179.99203491210938,0.11625467911362648
653,0.11302010640501976,2.5263057708740235,2.284696435928345,179.99203491210938,0.11619741320610047
654,0.11428041160106658,2.582291078567505,2.363782024383545,179.99203491210938,0.11748966500163079
655,0.1134055882692337,2.5447332859039307,2.290623903274536,179.99203491210938,0.11659240499138832
656,0.11230543106794358,2.540551233291626,2.310820984840393,179.99203491210938,0.11549116522073746
657,0.11277392953634262,2.5490208148956297,2.3270195007324217,179.99203491210938,0.11596471145749092
658,0.11286088973283767,2.53161301612854,2.294404315948486,179.99203491210938,0.11604133769869804
659,0.11196300759911537,2.521600770950317,2.2786324501037596,179.99203491210938,0.11513765752315522
660,0.11291530206799508,2.531764054298401,2.291093420982361,179.99203491210938,0.11609565690159798
661,0.11219342425465584,2.5277247428894043,2.2836687088012697,179.9920211791992,0.11537138670682907
662,0.11268771886825561,2.573006534576416,2.347865653038025,179.9920196533203,0.11589153483510017
663,0.11290693506598473,2.544089698791504,2.2896188497543335,179.9920196533203,0.11609337851405144
664,0.11246827989816666,2.5456778526306154,2.305199980735779,179.9920196533203,0.1156562976539135
665,0.11237466707825661,2.5820980787277223,2.368425953388214,179.99200592041015,0.11558405607938767
666,0.1122261717915535,2.5418331384658814,2.3314446926116945,179.99200439453125,0.11541358008980751
667,0.11296869292855263,2.555997848510742,2.3357702255249024,179.99200439453125,0.11616339832544327
668,0.1130403533577919,2.5372780084609987,2.3020560503005982,179.99200439453125,0.11622401401400566
669,0.11190956234931945,2.5531922817230224,2.278171491622925,179.99200439453125,0.11509998440742493
670,0.1135279580950737,2.5910450220108032,2.3435889720916747,179.99200439453125,0.11674057915806771
671,0.11279597580432892,2.5154477834701536,2.277898168563843,179.99200439453125,0.11596751287579536
672,0.11159913241863251,2.5093418836593626,2.2575303316116333,179.99200439453125,0.11476659998297692
673,0.11168370470404625,2.512100410461426,2.2506279230117796,179.99200439453125,0.11485220491886139
674,0.11229627877473831,2.540388512611389,2.2869590520858765,179.99199829101562,0.11548073962330818
675,0.11412261351943016,2.615280508995056,2.391906237602234,179.9919891357422,0.11734976917505265
676,0.11247511729598045,2.5403172254562376,2.286364221572876,179.9919891357422,0.11565951257944107
677,0.11208289414644242,2.507377815246582,2.2490643739700316,179.9919891357422,0.11524895504117012
678,0.11256805136799812,2.5330413579940796,2.273827576637268,179.99197998046876,0.115748181194067
679,0.11299972981214523,2.55222373008728,2.3370015144348146,179.99197387695312,0.11619261205196381
680,0.11227822676301003,2.515226674079895,2.3019107818603515,179.99197387695312,0.11545085459947586
681,0.1130789004266262,2.5742836236953734,2.3447164058685304,179.99197387695312,0.11628319397568702
682,0.11246565356850624,2.4941513299942017,2.2509526133537294,179.99197387695312,0.11562519520521164
683,0.11295023187994957,2.49958176612854,2.247848320007324,179.99197387695312,0.11611233279109001
684,0.11235599666833877,2.5543593406677245,2.304090166091919,179.99197387695312,0.11554829850792885
685,0.11311272829771042,2.5859376430511474,2.412220025062561,179.99197387695312,0.11632622629404069
686,0.11223353967070579,2.522367238998413,2.2832359790802004,179.99197387695312,0.11540880277752877
687,0.11201377511024475,2.5410168170928955,2.297577691078186,179.99197235107422,0.11519908159971237
688,0.1124158300459385,2.531168055534363,2.2862029314041137,179.99195861816406,0.115595643222332
689,0.11345589905977249,2.6286380529403686,2.4799859285354615,179.99195861816406,0.11669413894414901
690,0.11329152956604957,2.594111704826355,2.370307993888855,179.99195861816406,0.11650702133774757
691,0.11204197555780411,2.548821234703064,2.3338541746139527,179.99195709228516,0.11523299887776375
692,0.11237689703702927,2.512235331535339,2.263299059867859,179.991943359375,0.11554609835147858
693,0.11242471560835839,2.5462066173553466,2.3400199174880982,179.991943359375,0.11561473906040191
694,0.11238772496581077,2.523057556152344,2.312690019607544,179.991943359375,0.11556480601429939
695,0.11105884313583374,2.5332639694213865,2.317326211929321,179.991943359375,0.11424126103520393
696,0.11157069131731986,2.5378732919692992,2.281843090057373,179.991943359375,0.1147536389529705
697,0.1121435023844242,2.5156971216201782,2.2689258337020872,179.991943359375,0.11531471684575081
698,0.11150568276643753,2.536208486557007,2.2780484199523925,179.991943359375,0.11468760967254639
699,0.11197750195860863,2.5314685106277466,2.3174447298049925,179.991943359375,0.11515902727842331
700,0.11231334283947944,2.581811547279358,2.380045938491821,179.991943359375,0.11552317067980766
701,0.11240330189466477,2.5063202381134033,2.272388768196106,179.99193420410157,0.11557000055909157
702,0.11215750053524971,2.530490779876709,2.282517647743225,179.99192810058594,0.11533679142594337
703,0.1128578469157219,2.471934175491333,2.263897156715393,179.99192810058594,0.11600692719221115
704,0.11223132610321045,2.500316882133484,2.2783279418945312,179.99192810058594,0.11539531946182251
705,0.11367974504828453,2.6183231353759764,2.435221862792969,179.99191589355468,0.11691058576107025
706,0.11217302978038787,2.518746590614319,2.3181185722351074,179.99191284179688,0.11534822806715965
707,0.1113561287522316,2.5451281547546385,2.323172664642334,179.99191284179688,0.11454477161169052
708,0.11211350411176682,2.5289610624313354,2.3120896339416506,179.99191284179688,0.1152935080230236
709,0.11202851831912994,2.5017702102661135,2.297763133049011,179.99191284179688,0.1151942104101181
710,0.11158396527171136,2.495418667793274,2.272875714302063,179.99191284179688,0.11474523693323135
711,0.1126773126423359,2.4932915687561037,2.285617446899414,179.99191284179688,0.11583815887570381
712,0.11170644462108612,2.5559849739074707,2.3542802333831787,179.99191284179688,0.11490206867456436
713,0.11233504414558411,2.502481389045715,2.280813479423523,179.99191284179688,0.11550024449825287
714,0.11273571625351905,2.557578945159912,2.297752022743225,179.99190826416014,0.11592931151390076
715,0.11218571364879608,2.5193037509918215,2.280645418167114,179.9918975830078,0.115359316021204
716,0.11175765618681907,2.540124273300171,2.3008562564849853,179.9918975830078,0.11494268029928208
717,0.1117612101137638,2.51958749294281,2.298789072036743,179.9918975830078,0.11493586152791976
718,0.11284835189580918,2.570308876037598,2.392159128189087,179.99189147949218,0.11605303287506104
719,0.11319642886519432,2.6334584951400757,2.4855056762695313,179.99188232421875,0.11643735244870186
720,0.11194400191307068,2.6099612712860107,2.4333351135253904,179.99188232421875,0.11517056599259376
721,0.11201873496174812,2.561359667778015,2.3291510581970214,179.99188232421875,0.11521579101681709
722,0.1118388295173645,2.4971331357955933,2.2780771493911742,179.99188232421875,0.11500121653079987
723,0.11126315519213677,2.535788869857788,2.296231484413147,179.99188232421875,0.11444577872753144
724,0.11199269443750381,2.512428569793701,2.2955320119857787,179.99188232421875,0.115163604170084
725,0.11179504692554473,2.526179480552673,2.3009619235992433,179.99188232421875,0.11497310474514962
726,0.11211830601096154,2.5425140857696533,2.3050641298294066,179.99188232421875,0.11530473530292511
727,0.11108299940824509,2.5018354654312134,2.264282202720642,179.99188079833985,0.11424705013632774
728,0.11233596950769424,2.469652795791626,2.247820258140564,179.9918670654297,0.11548310741782189
729,0.11149453297257424,2.473990225791931,2.2615791082382204,179.9918670654297,0.11464452594518662
730,0.1118559256196022,2.4900699853897095,2.2506208181381226,179.9918670654297,0.11501341164112092
731,0.11259960755705833,2.520306444168091,2.2996789455413817,179.99186096191406,0.11577466279268264
732,0.11189292520284652,2.477740740776062,2.2534589529037476,179.99185180664062,0.1150443859398365
733,0.11099826171994209,2.537631893157959,2.249339962005615,179.99185180664062,0.1141794629395008
734,0.11191490218043328,2.4638038635253907,2.2389359951019285,179.99185180664062,0.11505867019295693
735,0.11111384779214858,2.4873273849487303,2.2356425762176513,179.99185180664062,0.11426921412348748
736,0.11149986907839775,2.476910376548767,2.255924367904663,179.99185180664062,0.11465103924274445
737,0.11197756081819535,2.491237020492554,2.2760865688323975,179.99185180664062,0.1151369035243988
738,0.11177528873085976,2.485914707183838,2.2614211797714234,179.99185180664062,0.1149312362074852
739,0.1112289473414421,2.4763049602508547,2.235058903694153,179.99185180664062,0.11437877118587494
740,0.11169205084443093,2.5170904874801634,2.2750314235687257,179.99185180664062,0.11486426666378975
741,0.11147066354751586,2.471820521354675,2.2384212255477904,179.991845703125,0.11461841315031052
742,0.11137650385499001,2.5155322790145873,2.2528979539871217,179.99183654785156,0.11454683467745781
743,0.1121075138449669,2.511765789985657,2.3060089588165282,179.99183654785156,0.11527861580252648
744,0.11183013617992402,2.4957980632781984,2.267214846611023,179.99183654785156,0.11499131470918655
745,0.11130299344658852,2.506760573387146,2.317003083229065,179.99182586669923,0.11447214335203171
746,0.11134944409132004,2.4868239402770995,2.263274049758911,179.9918212890625,0.11450593918561935
747,0.11139338687062264,2.4615085124969482,2.2728134632110595,179.9918212890625,0.11453769952058793
748,0.11227062344551086,2.5304105997085573,2.3184316873550417,179.9918212890625,0.1154516689479351
749,0.11164959743618966,2.582411217689514,2.3939465522766112,179.9918212890625,0.1148604191839695
750,0.11143189445137977,2.4888686895370484,2.301477861404419,179.9918212890625,0.1145913228392601
751,0.11283769011497498,2.5618734836578367,2.3542071342468263,179.9918212890625,0.11603625640273094
752,0.11091068089008331,2.4987892866134644,2.2786741852760315,179.9918212890625,0.11407392844557762
753,0.11157990545034409,2.440616774559021,2.194230651855469,179.9918212890625,0.11470984369516372
754,0.11184410080313682,2.4694846630096436,2.2641765594482424,179.9918212890625,0.11499197110533714
755,0.11119275465607643,2.4828905344009398,2.264787125587463,179.99181060791017,0.11434736028313637
756,0.11129636615514756,2.4949908018112184,2.2707849979400634,179.99180603027344,0.11445732042193413
757,0.11145947724580765,2.4757731199264525,2.255631947517395,179.99180603027344,0.11461006328463555
758,0.11175549924373626,2.4849390506744387,2.2691735506057737,179.99180603027344,0.11491134688258171
759,0.11116056963801384,2.435535216331482,2.2078070878982543,179.99179229736328,0.11428864598274231
760,0.11103955283761024,2.4828606128692625,2.2662290811538695,179.99179077148438,0.11419421285390854
761,0.11253423020243644,2.544294500350952,2.3407310247421265,179.99179077148438,0.11572333350777626
762,0.11153368279337883,2.4671478033065797,2.2246700286865235,179.99179077148438,0.11467840895056725
763,0.11191816180944443,2.4957324266433716,2.281845140457153,179.99179077148438,0.11508004069328308
764,0.1115023948252201,2.469795060157776,2.291587543487549,179.99179077148438,0.11465179100632668
765,0.11188773736357689,2.5202367067337037,2.273498797416687,179.99179077148438,0.11506144851446151
766,0.11088064014911651,2.465741014480591,2.2530166149139403,179.99179077148438,0.11402608156204223
767,0.1110800951719284,2.461239242553711,2.2319379329681395,179.99179077148438,0.11422222778201103
768,0.11028791740536689,2.462898302078247,2.2443918943405152,179.99179077148438,0.11343150585889816
769,0.11088659092783928,2.5013250350952148,2.3084820747375487,179.9917785644531,0.11405259668827057
770,0.11112391352653503,2.4686881065368653,2.2507913589477537,179.9917755126953,0.11427071467041969
771,0.11077974066138267,2.4770309209823607,2.2703149795532225,179.9917755126953,0.11393169090151786
772,0.11174666285514831,2.531786060333252,2.3541204214096068,179.9917724609375,0.11493018046021461
773,0.11050788685679436,2.457634139060974,2.2587485671043397,179.99176025390625,0.11364955976605415
774,0.11203562095761299,2.5056238889694216,2.2820201873779298,179.99176025390625,0.11520245224237442
775,0.1118716299533844,2.468796944618225,2.2861896991729735,179.99176025390625,0.1150202564895153
776,0.11083117723464966,2.46337628364563,2.2583168029785154,179.99176025390625,0.11397569924592972
777,0.11122129037976265,2.4983886003494264,2.2815558433532717,179.99176025390625,0.11438448056578636
778,0.11063345298171043,2.45018892288208,2.255398726463318,179.99176025390625,0.11377123519778251
779,0.11154185384511947,2.473655867576599,2.25611732006073,179.99176025390625,0.11469140499830247
780,0.11068059504032135,2.4709071636199953,2.2610469102859496,179.99176025390625,0.11382902041077614
781,0.11101237237453461,2.4562071800231933,2.2589284420013427,179.99176025390625,0.11415334120392799
782,0.1113762766122818,2.467373251914978,2.254397118091583,179.99175567626952,0.11452260240912437
783,0.11172037720680236,2.4833539009094237,2.2636234402656554,179.9917449951172,0.11487515270709991
784,0.11127784699201584,2.481374502182007,2.2732095241546633,179.9917449951172,0.11443211361765862
785,0.11128397956490517,2.4698230266571044,2.250469708442688,179.9917449951172,0.11443133428692817
786,0.11117061153054238,2.479001545906067,2.2676625490188598,179.99173431396486,0.1143234133720398
787,0.11083877235651016,2.453915572166443,2.2381572484970094,179.99172973632812,0.11397755816578865
788,0.11101222261786461,2.49661123752594,2.3106876611709595,179.99172973632812,0.11417598128318787
789,0.11075972467660904,2.4710318565368654,2.2056071519851685,179.99172973632812,0.11390543803572654
790,0.11159922480583191,2.433541512489319,2.1948169708251952,179.99172973632812,0.11472565531730652
791,0.11095412373542786,2.475306439399719,2.2470602989196777,179.99172973632812,0.11410404667258263
792,0.11142241433262826,2.5112215757369993,2.305641770362854,179.99172973632812,0.11459322646260262
793,0.11041518002748489,2.4557201623916627,2.2418172359466553,179.99172973632812,0.1135550506412983
794,0.11060861870646477,2.463676595687866,2.2571104764938354,179.99172973632812,0.11375323086977004
795,0.11027049645781517,2.4795724153518677,2.2699968814849854,179.99172973632812,0.11342370137572289
796,0.11082845106720925,2.4945175409317017,2.2757800579071046,179.9917205810547,0.11398941725492477
797,0.1113167829811573,2.4614512443542482,2.2379435539245605,179.99171447753906,0.11445932313799859
798,0.11201963424682618,2.5180877208709718,2.3351327538490296,179.99171447753906,0.11519535258412361
799,0.11156228855252266,2.4639102935791017,2.2745920419692993,179.99170989990233,0.11470789313316346
800,0.11123289987444877,2.444017505645752,2.2445655345916746,179.99169921875,0.11436705589294434
801,0.11042413413524628,2.434040141105652,2.2189534664154054,179.99169921875,0.1135520190000534
802,0.1110413759946823,2.453162741661072,2.214120936393738,179.99169921875,0.11417858302593231
803,0.11065074801445007,2.441799688339233,2.2363243818283083,179.99169921875,0.1137833833694458
804,0.1102029912173748,2.4423264265060425,2.2311468362808227,179.99169921875,0.1133356288075447
805,0.11091591194272041,2.4828644514083864,2.265597915649414,179.99169921875,0.11407054215669632
806,0.11180055812001229,2.466375231742859,2.217689335346222,179.99169921875,0.11494454890489578
807,0.1113922655582428,2.5064743995666503,2.3236721038818358,179.99169921875,0.11456160545349121
808,0.11120513752102852,2.4493740797042847,2.231921148300171,179.99169921875,0.11434133872389793
809,0.11088545322418213,2.459095668792725,2.250272345542908,179.99169464111327,0.11402743309736252
810,0.11095233634114265,2.4421726942062376,2.2688791275024416,179.99168395996094,0.11408678516745567
811,0.11051837950944901,2.4626309871673584,2.2583003520965574,179.99168395996094,0.11366252824664116
812,0.11130728870630265,2.4357842206954956,2.219398283958435,179.99168395996094,0.11443606987595559
813,0.11102182790637016,2.438926076889038,2.2554888248443605,179.9916793823242,0.11415398493409157
814,0.11114908456802368,2.4639800071716307,2.274639201164246,179.99166870117188,0.1142947256565094
815,0.11085428446531295,2.4649523735046386,2.2666664123535156,179.99166870117188,0.11400001272559165
816,0.11089924126863479,2.4661577701568604,2.2635577440261843,179.99166870117188,0.11404541730880738
817,0.1115841493010521,2.4246071100234987,2.211827874183655,179.99166870117188,0.1147069625556469
818,0.11082075908780098,2.4366010427474976,2.2266302824020388,179.99166870117188,0.11395031213760376
819,0.11076464653015136,2.4459087371826174,2.259773850440979,179.99166870117188,0.11390050947666168
820,0.11077150255441666,2.462797832489014,2.236354041099548,179.99166870117188,0.11391463577747345
821,0.10999775007367134,2.463009214401245,2.2161131620407106,179.99166870117188,0.11313997805118561
822,0.11066965088248253,2.4346933603286742,2.2085450172424315,179.99166870117188,0.11379734352231026
823,0.11016514450311661,2.4609734773635865,2.2478162050247192,179.99166107177734,0.11330794021487237
824,0.11124774292111397,2.4528663396835326,2.250372886657715,179.9916534423828,0.11438661366701126
825,0.1108099140226841,2.4072558879852295,2.1941229462623597,179.9916534423828,0.11392316743731498
826,0.11039633303880692,2.4475706577301026,2.223379397392273,179.9916534423828,0.11353120505809784
827,0.11011846512556075,2.436066246032715,2.234018588066101,179.99164733886718,0.11324811950325966
828,0.1102152220904827,2.496142601966858,2.245629405975342,179.99163818359375,0.11337549313902855
829,0.11051220297813416,2.521522307395935,2.3221915006637572,179.99163818359375,0.11368899494409561
830,0.11093667671084403,2.4435133934020996,2.221671795845032,179.99163818359375,0.11406943723559379
831,0.11064983680844306,2.4303754806518554,2.2350478887557985,179.99163818359375,0.11377669721841813
832,0.10997077897191047,2.455041742324829,2.2478026866912844,179.99163818359375,0.11311061009764671
833,0.1117717057466507,2.5339073181152343,2.35846803188324,179.99163818359375,0.11495650038123131
834,0.11029053553938865,2.419441747665405,2.2088900089263914,179.99163818359375,0.1134106196463108
835,0.11038172990083694,2.4642975091934205,2.3213491201400758,179.99163818359375,0.11352986469864845
836,0.11040347367525101,2.408895492553711,2.204455626010895,179.99163818359375,0.11351806446909904
837,0.11039824411273003,2.447767949104309,2.215264177322388,179.99163055419922,0.11353280991315842
838,0.11087347492575646,2.4630082845687866,2.29016889333725,179.9916229248047,0.11401940733194352
839,0.11145603731274605,2.5155380725860597,2.3136873483657836,179.9916229248047,0.11462940722703933
840,0.11100436821579933,2.4858290195465087,2.269892692565918,179.9916229248047,0.11416069567203521
841,0.10948882699012756,2.471146082878113,2.2827836990356447,179.99161529541016,0.11263845786452294
842,0.11066646501421928,2.4880206108093263,2.2764471769332886,179.99160766601562,0.11382421702146531
843,0.11036924198269844,2.4463581800460816,2.2317701101303102,179.99160766601562,0.11350392773747445
844,0.11022719740867615,2.4956645727157594,2.2857533931732177,179.99160766601562,0.11338923647999763
845,0.10993790179491043,2.4384902000427244,2.2251355409622193,179.99160766601562,0.11306832134723663
846,0.11051856726408005,2.4209962368011473,2.2129709720611572,179.99160766601562,0.11363963261246682
847,0.11037614941596985,2.430253529548645,2.259551191329956,179.99160766601562,0.1135041706264019
848,0.11039428114891052,2.4691442489624023,2.2975903749465942,179.99160766601562,0.11354364976286888
849,0.11051776856184006,2.449678730964661,2.2292897939682006,179.99160766601562,0.11365399211645126
850,0.10988545343279839,2.4340077877044677,2.236096429824829,179.99160766601562,0.11301417946815491
851,0.11116427034139634,2.457167053222656,2.250134825706482,179.9916000366211,0.11430527865886689
852,0.10927984416484833,2.4387691259384154,2.2231448888778687,179.99159240722656,0.11241030469536781
853,0.11067032516002655,2.4284346103668213,2.216697597503662,179.99159240722656,0.1137952946126461
854,0.110056122392416,2.4138508558273317,2.2025302171707155,179.99159240722656,0.1131730929017067
855,0.10986990258097648,2.397429037094116,2.201873540878296,179.99158630371093,0.11297862753272056
856,0.11071965694427491,2.421955680847168,2.216171979904175,179.9915771484375,0.11384136229753494
857,0.11034993305802346,2.419955778121948,2.2152154207229615,179.9915771484375,0.11347059011459351
858,0.11120523139834404,2.432444453239441,2.223733997344971,179.9915771484375,0.11433255895972252
859,0.11106144562363625,2.486474800109863,2.283507251739502,179.9915771484375,0.11421877667307853
860,0.10982006564736366,2.4384544849395753,2.24236159324646,179.9915771484375,0.11295132860541343
861,0.110528764128685,2.4705074787139893,2.267816090583801,179.9915771484375,0.11367732733488083
862,0.11062510460615158,2.41758987903595,2.205766725540161,179.9915771484375,0.113744106143713
863,0.1103948675096035,2.424601697921753,2.2362435460090637,179.9915771484375,0.11351889744400978
864,0.11030367016792297,2.4016390562057497,2.2001901626586915,179.9915771484375,0.11341441720724106
865,0.11003815978765488,2.408672261238098,2.17786591053009,179.99157104492187,0.11315131038427353
866,0.11011927872896195,2.4514015913009644,2.2518359422683716,179.99156188964844,0.11325749084353447
867,0.1102402850985527,2.4300946235656737,2.2359991550445555,179.99156188964844,0.11336705014109612
868,0.11042784079909325,2.421213746070862,2.2292295575141905,179.99156188964844,0.11354982852935791
869,0.11114021018147469,2.4286690950393677,2.245448684692383,179.9915573120117,0.11426673531532287
870,0.11008081883192063,2.435827612876892,2.2254626989364623,179.99154663085938,0.11320992335677146
871,0.11073672100901603,2.410854434967041,2.2056501388549803,179.99154663085938,0.11385235041379929
872,0.11058849990367889,2.4407012701034545,2.2545248746871946,179.99154663085938,0.11372149586677552
873,0.1105898566544056,2.4136162281036375,2.197527086734772,179.99154663085938,0.1137064591050148
874,0.1102188490331173,2.45724995136261,2.2469526290893556,179.99154663085938,0.11335974037647248
875,0.11114438101649285,2.4568064212799072,2.261007106304169,179.99154663085938,0.11428575217723846
876,0.11105246990919113,2.456131339073181,2.254622387886047,179.99154663085938,0.11419318541884423
877,0.11037446931004524,2.4023635149002076,2.1995086669921875,179.99154663085938,0.11348554641008377
878,0.10944467112421989,2.4364514350891113,2.231959283351898,179.99154663085938,0.1125744141638279
879,0.11058698743581771,2.413997769355774,2.179767572879791,179.99153747558594,0.11370289102196693
880,0.11050645634531975,2.4227125883102416,2.2051668643951414,179.9915313720703,0.11362799182534218
881,0.1104109413921833,2.4008737087249754,2.193807768821716,179.9915313720703,0.11352098807692527
882,0.11011823713779449,2.419710564613342,2.2092588186264037,179.9915313720703,0.11323847323656082
883,0.10960452258586884,2.4316244602203367,2.236427736282349,179.99152526855468,0.1127320758998394
884,0.11044618859887123,2.4010938882827757,2.1982751846313477,179.99151611328125,0.11355656906962394
885,0.11001420989632607,2.430580186843872,2.2197902679443358,179.99151611328125,0.11314040794968605
886,0.10942906513810158,2.4345826387405394,2.2240070581436155,179.99151611328125,0.11255747526884079
887,0.1109213761985302,2.4309812784194946,2.2499997854232787,179.99151611328125,0.11404928639531135
888,0.11056181117892265,2.4317702293395995,2.263945257663727,179.99151611328125,0.11369081139564514
889,0.10970948189496994,2.412570285797119,2.204070782661438,179.99151611328125,0.11282588988542556
890,0.10977371707558632,2.420990824699402,2.212817299365997,179.99151611328125,0.11289477422833442
891,0.11004498153924942,2.406146693229675,2.1856300234794617,179.99151611328125,0.11315725445747375
892,0.11029115691781044,2.4246320724487305,2.211330771446228,179.99151611328125,0.11341395899653435
893,0.11043701320886612,2.3815390825271607,2.167069900035858,179.99150848388672,0.11353605389595031
894,0.1108791209757328,2.4092651844024657,2.222393608093262,179.9915008544922,0.11399478912353515
895,0.11009793430566787,2.381013607978821,2.1568817853927613,179.9915008544922,0.11319619864225387
896,0.11029037535190582,2.419539546966553,2.216076683998108,179.9915008544922,0.1134108617901802
897,0.10964675843715668,2.3796316623687743,2.1619869470596313,179.99149627685546,0.11274458840489388
898,0.11056062430143357,2.3943851947784425,2.200480246543884,179.99148559570312,0.11366775333881378
899,0.10987334176898003,2.417410397529602,2.209951913356781,179.99148559570312,0.11299245357513428
